title,score,upvote_ratio,id,subreddit,url,num_comments,is_reddit_media_domain,total_awards_received,created
"Weekly /r/Games Discussion - What have you been playing, and what are your thoughts? - January 30, 2022",100,0.89,sg5z8f,Games,https://www.reddit.com/r/Games/comments/sg5z8f/weekly_rgames_discussion_what_have_you_been/,245,False,0,1643536813.0
"Daily /r/Games Discussion - Free Talk Friday - February 04, 2022",8,0.69,skam4y,Games,https://www.reddit.com/r/Games/comments/skam4y/daily_rgames_discussion_free_talk_friday_february/,7,False,0,1643972414.0
It Takes Two reached over 5 million copies sold,681,0.93,skdlq7,Games,https://twitter.com/HazelightGames/status/1489574089564073985,55,False,0,1643982189.0
"Rockstar: ""Many of you have been asking about a new entry in the Grand Theft Auto series.With every new project, our goal is always to significantly move beyond what we've previously delivered. We're pleased to confirm that active development for the next entry in the series is underway.""",325,0.96,skfqdj,Games,https://twitter.com/RockstarGames/status/1489617718009606150?t=DGCon4yWDpvEA4ns2tsd4A&s=19,101,False,0,1643987917.0
Dying Light 2’s Launch Already Has 4x More Players Than the Original Game’s All-Time Peak on Steam,248,0.9,ske75q,Games,https://www.githyp.com/dying-light-2s-launch-already-has-4x-more-players-than-the-original-games-peak-on-steam/,74,False,0,1643983870.0
Pokemon Legends Arcesus has reached at over 6.5 million units worldwide,1663,0.88,sk1bnn,Games,https://twitter.com/NintendoAmerica/status/1489420296415322115,458,False,0,1643940496.0
"Shinji Mikami hopes a potential Resident Evil 4 Remake ""will make his story better"", wrote the original game story in 3 weeks",1628,0.96,sjx6ig,Games,https://www.vg247.com/shinji-mikami-hopes-a-resident-evil-4-remake-will-make-his-story-better,231,False,0,1643929293.0
Pokémon Sword & Shield knocks Gold & Silver off and becomes the 2nd best selling Pokémon game of all time,576,0.82,sk3bci,Games,https://www.resetera.com/threads/pok%C3%A9mon-sword-shield-knocks-gold-silver-off-and-becomes-the-2nd-best-selling-pok%C3%A9mon-game-of-all-time.547742/,357,False,0,1643946333.0
Factorio - Friday Facts #367 - Expansion news,90,0.88,skdqbn,Games,https://factorio.com/blog/post/fff-367,8,False,1,1643982576.0
"Grand Theft Auto Community Update Updates to The Contract, New Details on GTAV for PS5 and Xbox Series X|S, and More",50,0.81,skfbdw,Games,https://www.rockstargames.com/newswire/article/ak73k92o47ko75/grand-theft-auto-community-update?utm_source=twitter&utm_medium=o_social&utm_campaign=gtao_announcement_community-update-20220204,39,False,0,1643986849.0
